Mã phòng,Kỳ,Tiền phòng,Tiền điện,Tiền nước,Dịch vụ khác,Mô tả dịch vụ khác,Hạn thanh toán,Ghi chú
A.01.01,2026-11,,350000,120000,,,2026-11-05,Nhập từ bảng kê
A.01.02,2026-11,6000000,360000,125000,100000,Phí gửi xe,2026-11-05,
A.01.04,2026-11,,370000,130000,,,2026-11-05,
A.01.05,2026-11,,380000,135000,100000,Phí gửi xe,2026-11-05,
A.02.02,2026-11,,390000,140000,,,2026-11-05,
A.02.04,2026-11,,400000,145000,100000,Phí gửi xe,2026-11-05,
Z.99.99,2026-11,5000000,300000,100000,,,2026-11-05,Phòng không tồn tại
A.12.03,2026-10,,300000,100000,,,2026-10-05,Đã có hóa đơn kỳ này
A.01.01,11/2026,,300000,100000,,,,Kỳ sai định dạng
