Mã,Ngày giao dịch,Mã tòa,Mã phòng,Quản lý tại ngày chốt,Khách,SĐT,Cọc phải thu,Cọc đã thu,Cọc còn thiếu,Trạng thái thanh toán,Giá chốt,Ngày tính tiền,Thời hạn HĐ (tháng),Nguồn,Đối tác/công cụ,Sale,Cách chia,Hoa hồng,Trạng thái hoa hồng,Loại nhận phòng,Trạng thái giao dịch,Ghi chú
GD-2609-007,2026-09-26,S12,202S12,Hoàng Đức Phong,Mai Hoàng Thảo,0961085713,3700000,3700000,0,partial,3700000,2026-10-01,12,Tờ rơi,PHÒNG KD,Ngô Hải Trung,Một sale,1850000,pending,Chờ nhận,Đã chốt – chờ nhận,
GD-2609-016,2026-09-26,G17,302G17,Hoàng Đức Phong,Nguyễn Thanh Phong,0961468133,4200000,4200000,0,partial,4200000,2026-10-01,12,Tờ rơi,VẬN HÀNH,Ngô Hải Trung,Một sale,2100000,pending,Chờ nhận,Đã chốt – chờ nhận,
GD-2609-040,2026-09-26,T14,502T14,Vũ Thị Trang,Ngô Thanh Ngân,0946707640,3600000,3600000,0,partial,3600000,2026-10-01,12,Tờ rơi,PHÒNG KD,Võ Thu Sơn,Một sale,1800000,pending,Chờ nhận,Đã chốt – chờ nhận,
GD-2609-021,2026-09-25,G4,305G4,Hoàng Ngọc Phong,Phan Khánh Phúc,0996063251,4700000,4700000,0,partial,4700000,2026-10-01,12,Đăng tin,SALE VH,Nguyễn Văn Linh,Một sale,2350000,pending,Chờ nhận,Đã chốt – chờ nhận,
GD-2609-024,2026-09-25,T35,401T35,Phan Đức Vy,Trịnh Thanh Nam,0937823959,3000000,3000000,0,partial,3000000,2026-10-01,12,Đăng tin,PHÒNG KD,Nguyễn Văn Linh,Một sale,1500000,pending,Chờ nhận,Đã chốt – chờ nhận,
GD-2609-036,2026-09-25,S4,404S4,Hoàng Đức Phong,Lê Đức Minh,0942534564,3200000,3200000,0,partial,3200000,2026-10-01,12,Đăng tin,PHÒNG KD,Nguyễn Thanh Châu,Một sale,1600000,pending,Chờ nhận,Đã chốt – chờ nhận,
GD-2609-014,2026-09-23,G6,301G6,Đỗ Phương Đạt,Trịnh Hữu Ngân,0996159448,4000000,4000000,0,partial,4000000,2026-10-01,12,Facebook,VẬN HÀNH,Võ Thu Sơn,Một sale,2000000,pending,Chờ nhận,Đã chốt – chờ nhận,
GD-2609-022,2026-09-23,T42,308T42,Vũ Thị Trang,Nguyễn Bảo Nam,0934539057,3400000,3400000,0,partial,3400000,2026-10-01,12,Facebook,PHÒNG KD,"Dương Thanh Phúc, Hoàng Thu Nhung",Chia 2 sale,1700000,pending,Chờ nhận,Đã chốt – chờ nhận,
GD-2609-043,2026-09-23,T25,503T25,Mai Tuấn Trung,Dương Phương Trung,0971854581,3600000,1000000,2600000,partial,3600000,2026-10-01,12,Facebook,SALE VH,Ngô Hải Trung,Một sale,1800000,pending,Chờ nhận,Đã chốt – chờ nhận,
GD-2609-017,2026-09-22,S42,302S42,Hoàng Đức Phong,Dương Phương Đạt,0996239319,4000000,4000000,0,partial,4000000,2026-10-01,12,Tờ rơi,VẬN HÀNH,"Hồ Hữu Quân, Nguyễn Thanh Châu",Chia 2 sale,2000000,pending,Chờ nhận,Đã chốt – chờ nhận,
GD-2609-018,2026-09-21,T24,302T24,Hoàng Ngọc Lan,Trịnh Hữu Trang,0968839374,3500000,3500000,0,partial,3500000,2026-10-01,12,Đối tác,NICE HOUSE,Nguyễn Thanh Long,Một sale,1750000,pending,Chờ nhận,Đã chốt – chờ nhận,
GD-2609-030,2026-09-21,T14,402T14,Vũ Thị Trang,Dương Hải Hà,0983210115,3600000,3600000,0,partial,3600000,2026-10-01,12,Đối tác,TINCITY,Nguyễn Ngọc Trung,Một sale,1800000,pending,Chờ nhận,Đã chốt – chờ nhận,
GD-2609-033,2026-09-21,T37,403T37,Hoàng Anh Oanh,Hồ Bảo Khánh,0954924049,4000000,4000000,0,partial,4000000,2026-10-01,12,Đối tác,ANHOME,Hoàng Thu Nhung,Một sale,2000000,pending,Chờ nhận,Đã chốt – chờ nhận,
GD-2609-037,2026-09-21,S26,501S26,Hoàng Ngọc Phong,Phan Diệu Quân,0922854299,4700000,4700000,0,partial,4700000,2026-10-01,12,Đối tác,ANHOME,Trịnh Hữu Nam,Một sale,2350000,pending,Chờ nhận,Đã chốt – chờ nhận,
GD-2609-031,2026-09-20,G5,403G5,Lê Đức Ngân,Bùi Thị Quân,0964099030,7000000,14000000,0,partial,7000000,2026-09-26,12,Đăng tin,SALE VH,Nguyễn Thanh Bình,Một sale,3500000,approved,Cuối tháng,Đã nhận,
GD-2609-026,2026-09-19,T44,401T44,Nguyễn Minh Loan,Bùi Gia Vy,0942544960,4000000,2000000,2000000,partial,4000000,2026-10-01,12,Facebook,VẬN HÀNH,Trần Văn Hạnh,Một sale,2000000,pending,Chờ nhận,Đã chốt – chờ nhận,
GD-2609-047,2026-09-19,S21,601S21,Lê Đức Ngân,Dương Bảo Giang,0973711417,4300000,4300000,0,partial,4300000,2026-10-01,12,Facebook,PHÒNG KD,"Hồ Hữu Quân, Dương Thanh Phúc",Chia 2 sale,2150000,pending,Chờ nhận,Đã chốt – chờ nhận,
GD-2609-003,2026-09-18,G8,102G8,Hoàng Anh Oanh,Phạm Văn Phong,0925261919,3600000,1800000,1800000,partial,3600000,2026-10-01,12,Đối tác,STARHOME,"Lý Minh Đạt, Huỳnh Văn Nam",Chia 2 sale,1800000,pending,Chờ nhận,Đã chốt – chờ nhận,
GD-2609-005,2026-09-18,S26,201S26,Hoàng Ngọc Phong,Hồ Bảo Dũng,0924913829,4700000,4700000,0,partial,4700000,2026-10-01,12,Đối tác,MS63,Lý Minh Đạt,Một sale,2350000,pending,Chờ nhận,Đã chốt – chờ nhận,
GD-2609-008,2026-09-18,S23,202S23,Phan Đức Vy,Võ Quang Huy,0901731929,3100000,3100000,0,partial,3100000,2026-10-01,12,Đối tác,NT HOME,"Lý Minh Đạt, Nguyễn Văn Linh",Chia 2 sale,1550000,pending,Chờ nhận,Đã chốt – chờ nhận,
GD-2609-013,2026-09-18,G6,206G6,Đỗ Phương Đạt,Dương Phương Vân,0959702944,3800000,3800000,0,partial,3800000,2026-10-01,12,Đối tác,CD HOUSE,Trần Khánh Phúc,Một sale,1900000,pending,Chờ nhận,Đã chốt – chờ nhận,
GD-2609-025,2026-09-18,T37,401T3,Hoàng Anh Oanh,Võ Diệu Châu,0954564529,4500000,4500000,0,partial,4500000,2026-10-01,12,Đối tác,TINCITY,Trần Khánh Phúc,Một sale,2250000,pending,Chờ nhận,Đã chốt – chờ nhận,
GD-2609-042,2026-09-18,T15,503T15,Vũ Thị Trang,Võ Đức Phúc,0928146952,4000000,4000000,0,partial,4000000,2026-10-01,12,Đối tác,NICE HOUSE,"Lý Minh Đạt, Nguyễn Văn Linh",Chia 2 sale,2000000,pending,Chờ nhận,Đã chốt – chờ nhận,
GD-2609-045,2026-09-18,S13,504S13,Lê Đức Ngân,Ngô Thị Tú,0964462358,3800000,3800000,0,partial,3800000,2026-10-01,12,Đối tác,TL21,Trần Khánh Phúc,Một sale,1900000,pending,Chờ nhận,Đã chốt – chờ nhận,
GD-2609-038,2026-09-17,S30,502S30,Vũ Thị Trang,Lê Ngọc Nhung,0924853562,4800000,3000000,1800000,partial,4800000,2026-10-01,12,Đăng tin,SALE VH,Võ Thu Sơn,Một sale,2400000,pending,Chờ nhận,Đã chốt – chờ nhận,
GD-2609-001,2026-09-16,S30,101S30,Vũ Thị Trang,Dương Bảo Hùng,0948046160,4800000,2400000,2400000,partial,4800000,2026-10-01,12,Zalo,PHÒNG KD,Lý Minh Đạt,Một sale,2400000,pending,Chờ nhận,Đã chốt – chờ nhận,
GD-2609-011,2026-09-16,S32,203S32,Hoàng Đức Phong,Hồ Bảo Tuấn,0996897956,3000000,3000000,0,partial,3000000,2026-10-01,12,Zalo,PHÒNG KD,Nguyễn Văn Linh,Một sale,1500000,pending,Chờ nhận,Đã chốt – chờ nhận,
GD-2609-004,2026-09-13,T42,109T42,Vũ Thị Trang,Huỳnh Văn Hà,0956136019,900000,1800000,0,full,3000000,2026-09-22,12,Tờ rơi,PHÒNG KD,Lý Minh Đạt,Một sale,1500000,approved,Cuối tháng,Đã nhận,
GD-2609-034,2026-09-10,S12,404S12,Hoàng Đức Phong,Bùi Phương Dũng,0998733806,3600000,7200000,0,partial,3600000,2026-09-16,12,Đăng tin,SALE VH,Trịnh Anh Oanh,Một sale,1800000,approved,Cuối tháng,Đã nhận,
GD-2609-015,2026-09-09,S18,301S18,Hoàng Anh Oanh,Dương Hải Trang,0972180154,3500000,7000000,0,partial,3500000,2026-09-13,12,Đối tác,DPH 194,"Lý Minh Đạt, Võ Thu Sơn",Chia 2 sale,1750000,approved,Cuối tháng,Đã nhận,
GD-2609-023,2026-09-09,S47,401S47,Hoàng Anh Oanh,Dương Hải Tâm,0994897392,3600000,7200000,0,full,3600000,2026-09-15,12,Đăng tin,PHÒNG KD,Trịnh Anh Oanh,Một sale,1800000,approved,Cuối tháng,Đã nhận,
GD-2609-006,2026-09-08,S48A,201S48A,,Võ Thị Hoa,0961231521,3900000,7800000,0,partial,3900000,2026-09-22,12,Đăng tin,VẬN HÀNH,Huỳnh Văn Nam,Một sale,1950000,approved,Cuối tháng,Đã nhận,
GD-2609-032,2026-09-08,S47,403S47,Hoàng Anh Oanh,Phạm Anh Vy,0991853610,3850000,7700000,0,partial,3850000,2026-09-12,12,Đối tác,TINCITY,"Lý Minh Đạt, Võ Thu Sơn",Chia 2 sale,1925000,approved,Cuối tháng,Đã nhận,
GD-2609-009,2026-09-07,S47,202S47,Hoàng Anh Oanh,Ngô Hữu Tú,0957560141,3500000,7000000,0,partial,3500000,2026-09-14,12,Đối tác,DPH 194,Trịnh Hữu Nam,Một sale,1750000,approved,Cuối tháng,Đã nhận,
GD-2609-027,2026-09-04,G16,402G16,Đỗ Phương Đạt,Trịnh Minh Trang,0983460266,4800000,9600000,0,partial,4800000,2026-09-15,12,Zalo,SALE VH,Đỗ Hải Hà,Một sale,2400000,approved,Cuối tháng,Đã nhận,
GD-2609-020,2026-09-03,T35,304T35,Phan Đức Vy,Bùi Hải Châu,0906005983,3200000,6400000,0,partial,3200000,2026-09-07,12,Đối tác,MS63,Ngô Hữu Quân,Một sale,1600000,approved,Cuối tháng,Đã nhận,
GD-2609-035,2026-09-03,S4,404S4,Hoàng Đức Phong,Mai Bảo Yến,0956637641,3000000,6000000,0,partial,3000000,2026-09-08,12,Tờ rơi,PHÒNG KD,Ngô Hải Trung,Một sale,1500000,approved,Cuối tháng,Đã nhận,
GD-2609-010,2026-09-02,T24,202T24,Hoàng Ngọc Lan,Đặng Gia Châu,0997747316,3500000,7000000,0,full,3500000,2026-09-06,12,Đối tác,A199,Nguyễn Thanh Long,Một sale,1750000,approved,Cuối tháng,Đã nhận,
GD-2609-029,2026-09-02,T11,402T11,Lê Đức Ngân,Trịnh Thanh An,0986971769,3500000,7000000,0,full,3500000,2026-09-08,12,Đăng tin,SALE VH,Trần Văn Hạnh,Một sale,1750000,approved,Cuối tháng,Đã nhận,
GD-2608-002,2026-08-31,T21,101T21,Hoàng Ngọc Phong,Huỳnh Gia Giang,0998051631,3500000,7000000,0,full,3500000,2026-09-10,12,Đối tác,SWEETHOME,Lý Minh Đạt,Một sale,1750000,approved,Chờ nhận,Đã nhận,
GD-2608-028,2026-08-31,S44,402S44,Hoàng Anh Oanh,Trịnh Tuấn Nhung,0975709231,2600000,5200000,0,full,2600000,2026-09-06,12,Đăng tin,SALE VH,Nguyễn Văn Linh,Một sale,1300000,approved,Chờ nhận,Đã nhận,
GD-2608-019,2026-08-30,T36,302T36,Lê Đức Ngân,Hồ Hoàng Hạnh,0971927003,3400000,6800000,0,partial,3400000,2026-09-06,12,Đối tác,HD LAND,Trịnh Hữu Nam,Một sale,1700000,approved,Chờ nhận,Đã nhận,
GD-2608-041,2026-08-30,T20,502T20,Hoàng Ngọc Lan,Phan Thu Khánh,0942546049,2500000,5000000,0,full,2500000,2026-09-07,12,Facebook,VẬN HÀNH,Huỳnh Văn Nam,Một sale,1250000,approved,Chờ nhận,Đã nhận,
GD-2608-012,2026-08-28,S8,203S8,Hoàng Ngọc Phong,Trần Văn Mai,0999847968,2900000,5800000,0,full,2900000,2026-09-08,12,Zalo,SALE VH,Đỗ Hải Hà,Một sale,1450000,approved,Chờ nhận,Đã nhận,
GD-2608-048,2026-08-27,S31,601S31,Hoàng Anh Oanh,Lý Hữu Trung,0907118915,4700000,9400000,0,full,4700000,2026-09-04,12,Facebook,VẬN HÀNH,Huỳnh Văn Nam,Một sale,2350000,approved,Chờ nhận,Đã nhận,
GD-2608-046,2026-08-26,G6,505G6,Hoàng Ngọc Lan,Vũ Đức Tuấn,0965233671,3700000,7400000,0,full,3700000,2026-09-01,12,Đăng tin,PHÒNG KD,Ngô Bảo Long,Một sale,1850000,approved,Chờ nhận,Đã nhận,
GD-2608-044,2026-08-24,S12,504S12,Lê Đức Ngân,Vũ Diệu Châu,0935731241,3600000,7200000,0,full,3600000,2026-09-06,12,Đối tác,ANHOME,Trịnh Hữu Nam,Một sale,1800000,approved,Chờ nhận,Đã nhận,
GD-2608-039,2026-08-21,S42,502S42,Hoàng Đức Phong,Hoàng Thu Linh,0919117889,4200000,8400000,0,full,4200000,2026-09-01,12,Zalo,PHÒNG KD,Đỗ Hải Hà,Một sale,2100000,approved,Chờ nhận,Đã nhận,